{"cameraMode":{"drawMode":0,"name":"Shaded","section":"Shading Mode"},"sceneLighting":true,"audioPlay":false,"sceneViewState":{"m_AlwaysRefresh":false,"showFog":true,"showSkybox":true,"showFlares":true,"showImageEffects":true,"showParticleSystems":true,"showVisualEffectGraphs":true,"m_FxEnabled":true},"in2DMode":false,"pivot":{"x":-13.97206974029541,"y":13.37228775024414,"z":15.20904541015625},"rotation":{"x":0.0066305482760071758,"y":-0.9008721709251404,"z":0.43384987115859988,"w":0.013777504675090313},"size":15.205923080444336,"orthographic":false}