{"cameraMode":{"drawMode":0,"name":"Shaded","section":"Shading Mode"},"sceneLighting":true,"audioPlay":false,"sceneViewState":{"m_AlwaysRefresh":false,"showFog":true,"showSkybox":true,"showFlares":true,"showImageEffects":true,"showParticleSystems":true,"showVisualEffectGraphs":true,"m_FxEnabled":true},"in2DMode":false,"pivot":{"x":25.62078285217285,"y":-0.11658364534378052,"z":-35.54622268676758},"rotation":{"x":0.04108669236302376,"y":0.7589209675788879,"z":-0.04811146855354309,"w":0.6481056213378906},"size":31.847122192382814,"orthographic":false}