{"cameraMode":{"drawMode":0,"name":"Shaded","section":"Shading Mode"},"sceneLighting":false,"audioPlay":false,"sceneViewState":{"m_AlwaysRefresh":false,"showFog":false,"showSkybox":false,"showFlares":false,"showImageEffects":false,"showParticleSystems":false,"showVisualEffectGraphs":true,"m_FxEnabled":true},"in2DMode":false,"pivot":{"x":0.010085135698318482,"y":-0.13379597663879395,"z":0.2833663821220398},"rotation":{"x":0.04108669236302376,"y":0.7589209675788879,"z":-0.04811146855354309,"w":0.6481056213378906},"size":0.48986783623695376,"orthographic":false}